fertilizer,yield
1,176.75704433356697
2,176.93321305887616
3,177.3561699096113
